2000i.cn,0,0,2
123shsd.com,1,1,1
4000402887.com,1,1,2
024yhbaby.com,0,0,2
51sjst.com,1,1,2
0769-jc.com,1,1,1
52black.com,0,0,2
51youxiao.com,0,0,2
024nb.com,0,0,3
4007360036.com,0,0,2
201hy.cn,1,1,1
52or.com.cn,260,10,1
315ck.com,1,1,1
aazzyy520.cn,4,4,1
51zhenli.com,1,1,1
abcdef12588.cn,1,1,1
88sheng.com.cn,1,1,1
abcda88.com,1,1,1
ab-alu.cn,587,10,1
91dalishi.com,0,0,2
aobohj.com,1,1,2
aipu-cable.com,1,1,3
allybo.com,1,1,1
anbishin.com,0,0,2
apgy365.cn,1,1,1
asczm.com,0,0,2
aibosj.com,0,0,2
baoshengjc.com,1,1,1
antonyiwu.com,1,1,1
bags99.com.cn,1,1,1
52jkml.com,0,0,2
asyafeng.com,1,1,1
860411xh.com,1,1,1
ambipiao.cn,0,0,2
bi-gao.com,1,1,1
bioelitecn.com,1,1,1
bhwtex.com,0,0,2
biwin-gift.com,0,0,2
9jsk.com,1,1,1
82035806.com,2,2,1
bj-uw.com,1,1,1
ainiaosi.com,0,0,2
bc-foods.com,0,0,2
bjamir.com,1,1,1
bjskfnsk.com,0,0,2
apaclyc.com,1,1,1
bjjuejin.com,0,0,2
bochi88.com,1,1,1
bjxpjy98.com,5,5,1
bq710.com,0,0,2
aixingelec.com,0,0,2
bsm0731.com,1,1,1
bjstxsd.com,0,0,2
bohai56.com,2,2,1
bdsmdcx.cn,1,1,1
bopptape.cn,1,1,1
0576-laser.com,0,0,2
caihuidiy.com,2,2,1
bjsantachi.com,2,2,1
bonheur.net.cn,1,1,1
cclykj.com,0,0,2
0731joy.com,0,0,2
086mlyz.com,1,1,2
ccscan.com.cn,1,1,1
cdma1xcn.com,0,0,2
caizhidz.cn,1,1,1
cameralee.com,1,1,1
7pincafe.com,0,0,2
benj99.com,1,1,1
bearing-1.com,1,1,1
cfxjzyc.com,1,1,1
cfguangy.com,1,1,1
anterhy.com,1,1,1
cgbxgcl.com,0,0,3
aomigg.com,0,0,2
catly.net.cn,1,1,1
cdchzz.com.cn,1,1,1
chaotsian.com,1,1,1
chinajcfj.com,0,0,2
chinaholta.com,0,0,2
china-zthb.com,1,1,2
chinabien.com,0,0,2
chuanyeled.com,0,0,2
china-dfb.com,1,1,1
cn-huaqing.com,0,0,2
chunhuixl.com,0,0,2
bishengpx.com,2,2,1
cnguogang.com,0,0,2
cnguider.com,1,1,1
chu-yun.com,1,1,1
chinacyv.com,0,0,2
chinawacom.cn,0,0,2
chinasqhr.com,1,1,1
bc1178.com,1,1,1
cnlg82.cn,1,1,1
cnweinisi.com,1,1,1
cnhuihai.com,1,1,2
bjlemei.com,0,0,2
cn-heat.com,1,1,1
cnmoonlake.com,1,1,1
cnkaisi.com,1,1,1
cnzxhg.com,1,1,1
cnyxtex.com.cn,1,1,1
cnszcf.com,0,0,2
bjls56.com,1,1,1
cn-model.com,0,0,2
cnmaiqi.com,2,2,1
cnwdzy.com,0,0,2
cm010.com,0,0,3
chinaairbag.cn,0,0,2
cnkyi.com,0,0,2
biyanzhong.cn,760,10,1
024fengyun.com,1,1,1
coopoll.com,1,1,1
csduli.com,1,1,1
cqzdhl.com,1,1,2
cnchanjuan.com,13,10,1
cscqmm.com,0,0,2
cskujie.com,2,2,1
bxfoods.com,0,0,2
52todsy.com,1,1,1
cslcdz.com,0,0,2
cs1818.com.cn,1,1,1
cspd168.cn,1,1,1
csgadz.com,1,1,1
cqpqsb.com,0,0,2
csjiafu.net,0,0,2
cslhztss.com,0,0,2
cszhongjia.com,6,6,1
bfkyjc.com,20,10,1
czfurong.cn,1,1,1
czjcqp.com.cn,1,1,1
csjdsoft.com,0,0,3
cssaike.com,0,0,2
cycncorp.com,1,1,1
cslhkj.com,2,2,1
daikin100.com,1,1,1
DABOKing.cn,19,10,1
dbcglw.com,0,0,2
dameibicai.com,0,0,2
dahuaspjx.com,1,1,2
dadiqiche.com,1,1,1
czjqmm.com,0,0,2
czsanjie.com,2,2,3
dc-adc.com.cn,1,1,1
cxxsy.net.cn,1,1,1
cxjfgy.com,1,1,1
czhhxsy.com.cn,1,1,1
csmiaopu.com,1,1,1
dachengxy.cn,1,1,1
dazhongdq.com,0,0,2
cnzjxm.com,1,1,1
caigoo.com.cn,39,10,1
desheng999.cn,1,1,1
daweifuse.cn,0,0,2
cdwxtx.com,1,1,2
developovc.com,2,2,1
dezhao.net.cn,1,1,1
dakecn.com,1,1,1
bgtlsb.com,2,2,1
deyangkeji.cn,1,1,1
dg-kexing.com,2,2,1
cq-17.com,0,0,3
dfruichi.com,0,0,2
chn-3d.com,0,0,2
chinasova.com,0,0,2
cct-ty.com,0,0,2
chminzu.com,0,0,2
clw1688.com,1,1,1
cnguoxu.com,0,0,3
cnfag.cn,1,1,1
dfjnjt.com,0,0,2
dgdonf.com,0,0,2
dfh2008.com,0,0,2
dgjclp.com,1,1,1
dgmengmeisi.cn,0,0,2
dgkssj.com,0,0,2
bpqonline.com,2,2,1
dginoue.com,0,0,2
dddopaint.com,0,0,2
dgmiyuan.com,0,0,2
dgwenyuan.com,1,1,1
dghmtx.com,0,0,3
dijia-led.com,1,1,1
cszhlj.com,1,1,1
dgshidai.com,0,0,2
cnsycw.cn,0,0,2
dgxiede.com,23,10,1
cshwxh.com,1,1,1
diping88.com,0,0,3
csyongjian.com,1,1,1
dgjsgc.com.cn,2,2,1
cxtmaoyi.com,1,1,1
cnctyg.com,0,0,2
csmyjj.com,1,1,1
csjinh.com,1,1,1
dltape.com,1,1,1
cxytdq.com,1,1,1
dl-wl.com,1,1,1
dlyezhan.com,2,2,3
dldongyu.cn,0,0,2
dlqfs.com.cn,0,0,3
dlwzmy.com,1,1,1
bjhtgc.com,0,0,2
daomeiren.cn,1,1,1
dlgkn.com.cn,0,0,2
dlftsp.cn,1,1,1
dgnengwang.com,1,1,1
dlsie.com,0,0,2
dljieyi.com,0,0,2
dingxingxs.com,1,1,2
dfzsjpd.com,1,1,1
dodods.com,0,0,2
dlzyjx.cn,1,1,1
dldinghua.cn,760,10,1
dggodwin.com,1,1,2
dgnanyue.cn,4,4,1
dtglmy.cn,1,1,1
duanzaoqd.com,0,0,2
dlhqsljx.cn,0,0,2
dwlchem.com,0,0,2
dgtanchun.com,0,0,2
dldfjc.com,0,0,2
dgtielong.com,0,0,2
dzlgift.com.cn,1,1,1
dllcmy.com.cn,1,1,2
dlgunchiji.com,1,1,1
elitecyh.cn,1,1,1
dx-cnc.net,1,1,1
dlzdjm.cn,1,1,2
cnyongwang.com,0,0,2
djqyml.com,1,1,1
era-oem.com,0,0,3
eitvs.com,0,0,2
etunne.com,0,0,2
dycljx.com,1,1,1
dl-jewelry.cn,1,1,1
etuhsu.com,2,2,1
dglh88.com.cn,1,1,1
dl-kairui.com,3,3,2
fawsyx.cn,0,0,2
fanyico.com,2,2,2
eeree.net,1,1,3
erfu-tea.com,1,1,1
dlhotek.com.cn,4,4,1
fjrxjy.com,1,1,1
fasfx.cn,0,0,2
fshz56.com,0,0,2
dldetong.cn,1,1,2
fhjiasi.cn,2,2,1
ezhsoft.com,1,1,2
dl-shengyu.com,1,1,1
dlyindai.com,1,1,1
fengzechem.com,1,1,1
foto0769.com,1,1,1
fxbattery.com,1,1,2
fxjx365.com,1,1,1
dlchaofa.com,0,0,2
ddhskd.com,2,2,2
fstqgy.com,0,0,2
gdcmsj.cn,1,1,1
dmwh2008.com,0,0,2
gdjunhui.com,0,0,2
gdnlcc.com,0,0,2
gdtotem.com,1,1,2
fanyitrade.com,1,1,1
gdzhaoke.com,0,0,2
ginbni.com,2,2,1
gmgm168.cn,0,0,2
dlwell.cn,1,1,1
gdhuangda.com,3,3,2
goodow.com.cn,45,10,2
dfxl577.cn,0,0,2
gjkuaidi.com,0,0,2
dl-drdi.com.cn,1,1,1
guohuikeji.com,1,1,1
cinnowin.com,0,0,3
gyzyyt.cn,1,1,1
guoyu88.net,1,1,1
gz-telecom.com,1,1,1
gdhaiqi.com,0,0,2
gyzdj999.cn,1,1,1
gz-fcx.com,0,0,2
gj-haina.cn,1,1,1
gsefu.cn,0,0,2
gz-huiying.com,0,0,2
gzddxs.com,1,1,1
gzjzmyc.com,2,2,2
gyzht.com.cn,1,1,1
gzs-led.com,0,0,2
gzhccl.com,1,1,1
good-ty.com,0,0,2
gzhaiyifs.com,1,1,1
gzyhmj.cn,1,1,1
gzygwf.com,1,1,1
gzxianjia.com,1,1,1
gzrunqi.com.cn,0,0,2
guojinkeji.com,1,1,1
gzhurun.com,0,0,2
gz-xianjian.cn,1,1,1
gzsongdao.cn,1,1,1
gzwantong.com,1,1,1
gzjiaer.com.cn,1,1,1
dv-trade.com,1,1,1
gz-leadjet.com,2,2,1
flosh.com.cn,1,1,1
handdier.com,0,0,2
hangzhoubb.com,1,1,1
fsmeicai.com,0,0,2
gmhongyu.com,0,0,2
happy2008.cn,1,1,1
hanhuayan.cn,2,2,1
habile-chem.cn,1,1,1
f14189.cn,1,1,1
gzyipin.com.cn,1,1,1
gztcfzfl.cn,0,0,2
hanlinc.com,1,1,2
hahblb.com,0,0,2
dlxyjx.com,1,1,1
gzxxfrp.com,1,1,1
hbxcpa.com,0,0,2
hbxkgd.com,0,0,2
hbjczq.com,0,0,3
hctengfei.cn,1,1,1
hbsfhg.com.cn,1,1,1
hengwangfl.com,1,1,2
hensin-hk.com,1,1,1
hbxfauto.com,0,0,2
fuxin178.com,0,0,2
furunhk.com,1,1,1
hcblsb.cn,1,1,1
dlgcjd.com,0,0,2
gzshengjia.com,0,0,2
fn2003.com,4,4,1
ec-meizi.com,9,9,1
haixiangtai.cn,1,1,2
hebeisjzdh.cn,1,1,1
gdlpe.com,0,0,2
fulede.com.cn,77,10,1
hhxqyp.com,0,0,2
hiskill.com.cn,2,2,1
hgjdkj.cn,1,1,1
hhslzysp.cn,1,1,1
hk-sun.cn,1,1,1
gdweichen.com,0,0,2
heiwangzu.com,4,4,1
gyjinlong.cn,1,1,1
hhhtjf.com,1,1,1
hengtejixie.cn,1,1,1
hellotex.net,1,1,1
hklavee.com,0,0,2
hdsbjp.com,0,0,3
hnjdgold.com,0,0,3
hngcled.com,0,0,2
hngusong.com,2,2,1
hl-cd.com,0,0,2
hnguangwei.com,0,0,2
hhyut.com,0,0,2
hnroco.com,4,4,1
hncswdjd.com,1,1,2
hldkys.com,4,4,1
hnzanghe.cn,1,1,1
hnygqy.com,0,0,2
hpzhangpen.cn,1,1,2
hsecord.com,1,1,3
hpsimg.com,0,0,2
hanwhabj.cn,1,1,1
hrzgjt.com,0,0,2
fzsuzuki.com,1,1,1
hspfpc.com,0,0,2
hs-chem.com.cn,1,1,1
hs-opto.com,0,0,2
haisda.com,1,1,1
gangguannet.cn,3,3,1
gzsenren.com,2,2,1
hnzc888.com,0,0,2
hrxg518.com,0,0,2
htpva.com,0,0,2
hn-gold.com,0,0,2
hairunchem.com,0,0,3
hyj-cn.com,0,0,2
huadaxun8.cn,1,1,1
hzfeitian.cn,1,1,1
hunanruyi.com,0,0,3
htvoip.com,1,1,2
hubeikyd.com,0,0,2
hxm-motor.com,1,1,1
hzgenisi.com,0,0,2
huachen68.com,0,0,3
hy304bxg.com,0,0,2
hezehengda.com,1,1,2
huanqiujp.com,0,0,3
hw598.com,0,0,2
ghdzgs.com,0,0,2
hzyssj.com.cn,1,1,1
hzrunhong.com,1,1,1
huayuanfx.com,0,0,2
gdtyjx.com.cn,1,1,1
greenkylin.com,0,0,3
jasilong.com,0,0,2
jalixiang.com,1,1,1
iamyunfeng.com,0,0,2
hs-bar.com,1,1,1
hzyoumin.com,1,1,1
hzxy168.com,9,9,2
icann-jdzy.com,1,1,2
hidcar.cn,1,1,1
hljtdsy.com,0,0,2
huixinele.com,0,0,2
hzqianqi.cn,1,1,1
hnchint168.cn,0,0,2
hxbiz.com.cn,1,1,1
htyxjc.com,291,10,2
jbearing.cn,0,0,2
hold17.com,0,0,3
hndsmp.com,0,0,2
hdc1688.com,3,3,1
hoto-club.com,0,0,2
jfyled.com,0,0,3
hongshengsl.cn,1,1,1
huayuie.com,760,10,1
hyc2c.com,1,1,1
hanziruiyu.com,1,1,1
hxbzcy.com,0,0,2
jchengtech.com,0,0,2
jiesai.net.cn,1,1,1
jiayin-sw.com,0,0,2
jiekejiazu.com,1,1,1
jiahetool.cn,1,1,2
jiehueq.com,15,10,1
hylcpsc.cn,1,1,1
jclsx.com.cn,0,0,2
jinchengdz.com,1,1,2
jiyibaobao.com,2,2,1
jk26.cn,2,2,1
jinyumenye.cn,2,2,1
jmyzcl.com,3,3,1
jiayecn.com,0,0,2
jnhangqi.com,74,10,1
jnanst.com,0,0,2
jifenggt.com,0,0,2
jllights.com,1,1,1
jinkuang168.cn,1,1,1
jbdfhanger.com,1,1,1
jnqtcnc.com,0,0,2
hzbema2009.cn,1,1,1
jmlizhi.com,0,0,2
jn-yq.com,0,0,2
jnjywz.com,1,1,2
jnsyxjs.com,1,1,2
jsdinggu.com,1,1,1
jntlgm.com,0,0,2
jsjrd.net,1,1,1
jnqinglong.com,1,1,1
JSD0550.com,5,5,1
jskaisheng.cn,0,0,2
hncsyuli.com,1,1,1
jnyingduji.cn,6,6,1
jnyyjx.com,1,1,1
jsphar.com,3,3,1
jm-rs.com,1,1,1
jnxwxs.com,0,0,2
jnjiamu.com.cn,1,1,1
jntwds.com,1,1,1
jssunland.com,1,1,2
jq-wy.com.cn,1,1,1
jwp147.com,1,1,1
jun-da.net.cn,1,1,1
jwysoft.com,0,0,2
hnxingsha.com,0,0,2
jnmcjm.com,1,1,1
jnhuafa.com,0,0,2
jxhy090902.cn,149,10,1
jxpakj.com,0,0,2
jymekj.com,0,0,2
jyshyp.cn,0,0,2
jxyygg.com,1,1,1
jvlongjd.cn,1,1,1
jyrongxin.com,0,0,2
jxysgzs.com,0,0,2
jzqsydx.com,0,0,2
jyylg.com.cn,1,1,1
jysl999.com,1,1,1
jxtuoban.com,0,0,2
jzkxkj.com,0,0,2
jxshenheng.com,1,1,1
jzldchem.com,0,0,2
jysanhe.net,1,1,1
kaiaowuliu.com,0,0,2
jzsjyw.com,1,1,1
jmcjjx.com,92,10,1
jnghwz.com,0,0,2
hysl-dg.com,6,6,1
jyjiali.cn,1,1,1
kayocota.cn,3,3,1
km-skf.com,1,1,1
kinglimn.com,4,4,1
keanbus.com,9,9,1
jfmm888.com,1,1,1
jinyisidun.cn,0,0,2
kaizhou-yb.cn,5,5,1
jnakdzdq.com,0,0,2
jn778.com,0,0,3
kollion.com,0,0,2
kuletx.com,0,0,2
jjzy888.com,0,0,2
kmbnly.cn,1,1,1
jnyahe.com,0,0,2
kinzis.com,1,1,1
kibetter.cn,1,1,1
kx024.com,0,0,3
lc-keji.com,3,3,1
jxrdwl.com,1,1,1
kbxy168.cn,1,1,1
kmzirui.com,0,0,2
lcq1997.cn,6,6,1
jnxasx.com,1,1,2
jy-jxc.com,295,10,1
lfhxjj.com,11,10,1
lisashek.cn,0,0,3
liuyijun618.cn,1,1,1
lingfeng868.cn,1,1,1
jnsy17.cn,1,1,1
liying88.com,0,0,2
livodk.com.cn,1,1,1
likalong.cn,1,1,1
jpbsbp.com,2,2,2
lflongqing.com,1,1,1
lebeifushi.com,1,1,1
lhxthc.com.cn,1,1,1
jsunwatch.com,0,0,2
lcrhgg.cn,1,1,1
litzozlyp.cn,1,1,1
lijiayq.cn,2,2,1
lnchache.com,1,1,1
liciyx.cn,1,1,1
liqings.com,0,0,2
jyxlaser.com,1,1,1
kl3c.com,0,0,3
jiayefs.com.cn,1,1,1
lnzbang.com,1,1,1
jzhhcmm.com.cn,1,1,1
ln-it.com,1,1,1
jx5156.com,2,2,1
lnmatou.com,0,0,3
luyhx.com,0,0,2
lt-sprayer.com,0,0,2
lyghfkc.com,0,0,2
lxlube.com,1,1,1
lxcp-china.com,6,6,1
lukebz.com,0,0,2
icxword.com,1,1,2
lmjrszx.com,0,0,2
lyinfor.cn,1,1,1
lytianwang.com,2,2,1
lybo8.com,2,2,1
lzfwfq.net.cn,1,1,1
lnnfcp.com,0,0,2
lv-zone.com,0,0,3
lywssp.com,0,0,2
mallocean.com,0,0,3
ly-bw.com,0,0,2
lnperlite.com,1,1,1
lygopean.com,1,1,1
kingsuntoys.cn,1,1,1
lcdbd.cn,1,1,1
ktyibiao.com,1,1,1
maybl1688.cn,1,1,1
jnjykz.com,0,0,3
mahuadong.com,5,5,1
jzyhsl.com,2,2,1
linascarf.com,3,3,1
khwb1688.com,0,0,2
minghejd.com,0,0,2
lanziyu.com,5,5,1
lig007.com,1,1,1
lh255.com,0,0,2
motor-tx.com,1,1,1
nailisj.com.cn,1,1,1
Ligersofa.com,1,1,1
naturetent.net,1,1,1
lnaks.com,0,0,2
nbrambo.com,0,0,2
nanjingfh.com,6,6,1
nbkefen.com,1,1,1
nb-xingda.cn,1,1,1
nbjdxh.com.cn,1,1,1
lngaoke.com,0,0,2
nbnewpower.com,1,1,1
nbxddt.com,0,0,2
mggongniu.com,0,0,3
jymeilong.com,0,0,2
netewei.com,0,0,3
nbzfsp.cn,760,10,2
nbtianhui.cn,3,3,1
njhchb.com,0,0,3
njhrqx.com.cn,0,0,3
nmgxyts.com.cn,1,1,1
nthte.com,1,1,1
njyunchang.com,0,0,2
njghzb.com,1,1,1
nmjtss.com,1,1,1
nbhtgm88.cn,0,0,2
mingjundl.com,1,1,1
njrdzn.com,0,0,2
jc2000.com.cn,1,1,1
lidabelt.cn,1,1,1
obport.com,1,1,1
otbusiness.net,1,1,1
lyglqmy.com,1,1,1
osayz.com,0,0,2
jinyanzipvc.cn,1,1,1
opople.com,0,0,2
pjflcg.com.cn,1,1,1
nanta888.cn,1,1,1
nniigift.com,0,0,2
nbflk.cn,1,1,1
pharosbit.com,0,0,3
product-cn.com,0,0,3
pastemark.com,0,0,2
pjjingcheng.cn,2,2,1
lyetech.com,0,0,2
lylengwan.com,4,4,1
nylmkj.cn,0,0,2
nxydtyn.com,0,0,2
packingba.com,3,3,3
kaichensh.com,0,0,2
pybt1963.cn,1,1,1
qdaagt.cn,0,0,2
pz024.com,0,0,3
qdhtnk.com,0,0,2
kshongrun.com,0,0,2
qdhtchem.com,0,0,2
qdczhsm.com.cn,1,1,1
qdclsm.com.cn,1,1,1
LN110.net,1,1,1
qdfumin.cn,2,2,2
kurtvac.com,1,1,2
qdhengyuan.cn,1,1,1
qdmeirifh.cn,3,3,1
qdicman.cn,1,1,1
qdllart.cn,2,2,1
olhvalve.com,0,0,2
qdchunfa.cn,0,0,2
jksp68.cn,0,0,2
qdhswl.com,1,1,1
meijiedh.com,0,0,2
qidongjilai.cn,1,1,1
qdwancheng.com,0,0,2
qdaomai.cn,0,0,2
qdhaiyitian.cn,1,1,1
oyweilan.com,0,0,2
qiyi18.com,3,3,1
qdshenxing.cn,1,1,1
jzyulong.com,3,3,1
qdhaiban.cn,1,1,1
miasor.com,8,8,1
qdqhdz.com.cn,1,1,1
pharoshome.com,0,0,2
qdage.com,0,0,2
qj5000.com,0,0,2
nghxmz.com.cn,1,1,1
qjptfe.com.cn,1,1,1
keangcs.com,0,0,2
nhhengbo.com,0,0,2
nbgumei.com,1,1,2
qdjiuqi.com,0,0,2
qixin168.com,0,0,2
mytide168.cn,1,1,1
oa269.cn,1,1,3
lnjilong.cn,2,2,1
oyalsj.com,1,1,1
nyxcps.com,1,1,1
qdxsyt.com.cn,1,1,1
ravalve.net.cn,1,1,1
rddouti.com,2,2,1
qdkangnuo.com,0,0,2
qdqide.com.cn,1,1,1
qyxfydk.com,1,1,2
rf-lace.com,1,1,1
regain88.cn,0,0,2
richkeji.com,0,0,2
rongyidz.cn,1,1,1
rilisujiao.cn,1,1,1
rogerbrands.cn,3,3,1
qdrocket.com,1,1,2
penate.cn,0,0,2
realfaith.cn,0,0,2
qdbangle.com,1,1,1
qdhulu.net.cn,2,2,2
qianhetyre.com,0,0,2
reitled.com,0,0,2
rcmould.com,0,0,2
qdhtrhy.com.cn,1,1,1
mikahk.com.cn,0,0,2
rhcisco.com,1,1,1
pjxhzy.com,1,1,1
sansuiit.com,0,0,3
meiyabz.com,2,2,1
sanyuanchen.cn,1,1,1
net2008.net,1,1,1
sacyh.cn,760,10,1
ns4slp.com,1,1,1
sdacer.com,0,0,3
nbnoa.com,1,1,2
scmj888.cn,1,1,1
njshouhao.com,0,0,2
sdjlpx.com,1,1,1
sdkyjc.com,0,0,2
qdxingquan.com,0,0,2
scsh1188.cn,1,1,1
sd-cxjzk.com,1,1,1
sdglkt.cn,6,6,2
sdyiluxing.com,0,0,2
sdtmj.net.cn,1,1,1
sdtopower.com,1,1,3
sdhlwh.com,0,0,2
sdjnwq.com,0,0,2
sdsicc.com,1,1,1
sdyxqj.com,0,0,2
no1ht.cn,1,1,1
san-mark.com,0,0,2
sdls68.com,1,1,1
qdrzp.com.cn,1,1,1
seeplus.net.cn,0,0,2
sdyjqy.com,1,1,1
sfdsljx.cn,1,1,1
sfslhj.cn,1,1,1
sdgongshui.com,1,1,3
sgoba.com,0,0,2
rixintea.com,1,1,2
shdigong.com,0,0,2
rlqsszx.com,1,1,1
njnuochun.cn,1,1,1
rainunion.com,2,2,1
rhdz668.com,0,0,3
shdymy.com.cn,1,1,1
sdlhdz.com,1,1,2
shjieqin.com,0,0,2
shengyu2566.cn,1,1,1
shbilun.cn,1,1,1
qd-car.com,0,0,2
qdhiya.com,1,1,1
siyacao.com,1,1,1
siderpet.com,1,1,1
shunkangcn.com,0,0,2
shzddoor.com,1,1,1
picasso.net.cn,2,2,3
shengsy.com.cn,0,0,3
singbee.com.cn,10,10,1
nuobaokeji.com,0,0,2
shxwyw.cn,1,1,1
qdqingrui.com,3,3,2
sddzzc.cn,1,1,1
sdeope.com,0,0,2
shjiahui4.cn,1,1,1
smhaihang.com,0,0,2
shyinyao.com,0,0,2
shan-ai.com,1,1,1
spnmy.cn,1,1,1
shirzm.com,0,0,2
singgo.com.cn,0,0,2
ss-hz.com,0,0,2
snqpower.com,0,0,2
ssbjsp.com,0,0,2
sdlushun.com,1,1,1
prodn.cn,0,0,2
ssmcuarm.com,1,1,1
shuisesky.cn,1,1,1
qzzszh.com,0,0,2
rws369.cn,1,1,1
solartyn.com,1,1,1
sxronglong.com,1,1,1
stock898.com,0,0,2
suxinbxg.com,1,1,1
sxntgjc.com.cn,1,1,1
susitaoci.cn,2,2,1
stmaiye.com.cn,1,1,1
sunnywale.com,0,0,3
sycsftx.com,0,0,3
sxhmfz.com.cn,1,1,1
sy-hr.com,0,0,2
sy-mymy.com,1,1,1
sdznjc.com,0,0,2
stlutai.com,0,0,2
sdktdz.com,0,0,2
sxzqyy.cn,0,0,2
sdzkcnc.com,1,1,3
sydbyy.com,0,0,2
sxgd588.com,0,0,2
sitonmould.cn,1,1,1
sybolante.cn,1,1,1
syhgdl.com,2,2,1
sfitoys.com,1,1,3
shbanfang.com,0,0,2
sx80716897.cn,0,0,2
syhhygg.com,1,1,1
sstboard.com,1,1,1
syklsy.com,0,0,2
sypakai.com,1,1,1
sysjmy.cn,1,1,1
sywjzz.com,2,2,1
sysldll.cn,1,1,1
shrixiong.com,0,0,2
syxtzk.com,0,0,2
shifangzhou.cn,1,1,1
sykcsw.com,1,1,1
skpentax.com,1,1,1
sichenliye.com,14,10,1
syxjjx.net,1,1,1
syxhmzp.com,1,1,1
szdjhm.com,0,0,2
sybjzbc.com,0,0,2
szbofa.cn,0,0,2
syxinbeier.com,0,0,2
sz-jcd.com,2,2,2
sxjjl.net.cn,2,2,1
syhlxt.com.cn,0,0,2
smilemami.com,0,0,2
soap88.com,0,0,2
szanruijie.com,4,4,1
shuledom.com,0,0,2
szgv168.com.cn,1,1,1
szhfzd.com,0,0,2
szezcg.com,2,2,1
szmxwk.cn,0,0,2
syyugang.com,0,0,2
syfmtz.com,1,1,1
szhuikai.com,1,1,1
szshibang.cn,13,10,1
syyifa.com,0,0,2
szsimya.cn,1,1,1
sunny-vip.com,1,1,1
sz-pst.com,1,1,1
szhonge.com,1,1,1
sz100y.com.cn,1,1,1
syosl.com,0,0,2
nmg178.com,5,5,1
sxjcx.com.cn,1,1,1
szuze.com,1,1,1
szxlf.net.cn,1,1,1
sdgpgs.com,0,0,2
szxlmjg.cn,1,1,1
sdsdly.com,1,1,1
szyong.com.cn,1,1,1
szyuelong.com,0,0,3
szsf-cctv.com,2,2,1
szxuanyue.com,1,1,1
thald.cn,1,1,1
thb688.cn,636,10,2
thgg8888led.cn,1,1,1
tienbah.net.cn,1,1,1
tecestone.com,0,0,2
tiensjy.com,0,0,2
taishinpvc.com,0,0,2
szokli.com,0,0,2
tdsolar.com.cn,1,1,1
taxxmm.com,1,1,1
tc0731.com,1,1,3
tiexian.net.cn,1,1,1
suncon.net.cn,1,1,1
syebuy.com,1,1,2
shwmjd.com,1,1,2
rongxuanlp.com,0,0,2
syfydz.com,0,0,2
tevo-china.com,1,1,1
tjgsmy.cn,1,1,1
tjchenfeng.cn,27,10,1
tjcwqjd.com,0,0,2
sysjhg888.cn,1,1,1
symlrldq.cn,1,1,1
szrsfd.com,1,1,1
syhzbl.com,1,1,1
taiguan-sy.com,0,0,2
sxdlbl.com,9,9,1
tldoors.cn,1,1,1
tjkexi.com,1,1,1
tongyongdq.cn,0,0,2
sh-yysy.com,2,2,1
tjsbgt.cn,1,1,1
tuopanzl.com,0,0,2
syyrdz.com,0,0,2
twjmglj767.com,0,0,2
syf-art.com,0,0,2
symeige.com,0,0,2
tonghuacn.com,1,1,1
syjlhw.com,0,0,2
ts863.com,1,1,1
shzhuidian.com,17,10,1
szlek.net,0,0,2
tratex.com.cn,1,1,1
tianyuarts.cn,1,1,1
toma-soft.com,1,1,1
tongjuhg.cn,27,10,1
tzgnmy.com,1,1,1
tzjysm.com,1,1,1
upschaoshi.com,0,0,3
tzyhyyjx.com,1,1,1
uman-toys.com,2,2,1
tztc988.com,0,0,2
szbly2004.cn,1,1,1
tzhuabo.com,2,2,1
tyxjzp.com,1,1,1
ssttyre.com,1,1,1
wanglan.net.cn,0,0,2
uffice.net,0,0,2
tortrend.net,0,0,2
wbnin.com,0,0,3
watcher2007.cn,1,1,1
wangpu123.cn,1,1,1
tztl168.com,0,0,2
toncd.cn,1,1,1
tc-gh.com,0,0,2
tzfysy.com,0,0,2
tzfyjc.cn,1,1,1
syhklcd.com,1,1,2
szcombo.cn,0,0,2
szyuce.com,1,1,1
szrili.cn,1,1,1
wjhonghua.cn,1,1,1
whdswy.com,4,4,1
wine868.com,0,0,2
tsdfyy.com.cn,1,1,1
wjz8215197.cn,1,1,1
whlqzn.com,0,0,2
szyydkj.cn,1,1,1
tztnds.com,1,1,1
tj-lanxing.com,0,0,2
whsecond.com,1,1,1
wnslmy.cn,15,10,1
wxnanyang.com,1,1,1
weixishop.com,0,0,2
womamosaic.com,0,0,2
tytmkj.com,0,0,2
wuxild.com,0,0,2
wxhuakai.com,1,1,1
wnsdq.cn,1,1,1
wh-hwht.com,0,0,2
syxlwf.com,1,1,1
wushibw.com,0,0,2
wxtebang.cn,1,1,1
szcxhdz.com.cn,1,1,1
skyboyi.com,1,1,1
xdnb.com,25,10,2
xfpchzs.com,1,1,1
wyill.com,1,1,1
szhengli.com,0,0,2
wxszzc.com,0,0,2
ww8mm.cn,1,1,1
wxhanfeng.com,3,3,2
water-agd.com,1,1,1
sz-jike.com,0,0,2
xhlexpo.com,0,0,2
xiangdz.com,0,0,2
wcbzcl.com,1,1,1
vitenr.com,1,1,1
wzhywjc.cn,1,1,1
xd-tc.com,1,1,1
xhgift.com,157,10,1
szquro.cn,4,4,2
wlhfjc.cn,1,1,1
tygywh.com,1,1,2
wbkf999.com,0,0,2
wbgongyi.cn,1,1,1
xinsoll.com,0,0,3
wts138.com,3,3,1
xinysh.com,0,0,2
syxjkj.com,1,1,1
xmav.com,1,1,1
xinhuafen.com,0,0,2
xinyibw.cn,6,6,1
univans.com,0,0,2
xjmhpy.com.cn,1,1,1
xisu0769.com,1,1,1
xumeilight.com,0,0,2
xishiji.net,760,10,4
xidinafei.cn,1,1,4
xiafei168.cn,5,5,1
xianlongcd.com,2,2,1
xdsyhg.com,1,1,1
xieshengzc.com,0,0,2
xmqxdz.com,0,0,2
xtxd-bide.com,8,8,1
whyssy.com,0,0,2
ts-power.com,1,1,1
szhhpj.com,1,1,1
wm918.com,0,0,3
wuzwcwg.com,1,1,1
wxgxhrq.com,0,0,2
xiyuanwujin.cn,1,1,1
wxafu.com,0,0,3
wzziri.cn,5,5,1
wxycly.net,1,1,2
schshg.com,1,1,1
xyshcl.com,2,2,1
xzqsgycm.com,1,1,1
xzguangxi.cn,1,1,1
yatoda.com,1,1,1
yahenggm.com,1,1,1
xxkexin.com.cn,1,1,1
ybksysb.com,2,2,2
xz18k.com,0,0,2
whjyfbz.com,0,0,2
yctj.gov.cn,1,1,1
yfmagnet.com,1,1,2
ydbh168.com,0,0,2
yihesuliao.cn,1,1,1
yfholder.com,0,0,2
xiwenfs.com,0,0,2
yilefz.com,0,0,2
yichecp.cn,1,1,1
yingyipc.com,0,0,2
yfaben.net,1,1,1
yaosengift.com,0,0,2
yffz88.com,1,1,1
yinuojt.com,0,0,2
ylclothes.com,2,2,1
ykaijie.cn,1,1,1
xyfelt.com,0,0,2
ykbywjc.com,1,1,1
tonghaidg.com,1,1,1
xuexws.com,1,1,2
wzsanxi.cn,1,1,1
yqbh88.cn,0,0,2
ylm158.cn,1,1,1
yjdao168.com,0,0,3
yaoyuecn.com,1,1,1
ylyuzhong.cn,1,1,1
yq1998.com,43,10,1
whyds.cn,2,2,1
ykwyfs.com,0,0,2
yqmsjs.net,2,2,1
yhguolu.com,0,0,2
yucgu.com,0,0,2
yuandawood.com,0,0,2
yufangjx.cn,1,1,1
yushiglove.com,1,1,1
ytyhwater.com,0,0,2
yingpaike.cn,0,0,2
yt-youyi.com,1,1,1
vanway56.com,0,0,2
yw3131.com,0,0,3
ywjxszx.cn,1,1,1
yxwqld.com,0,0,2
ywhbsl.com.cn,1,1,1
yxllw.net.cn,1,1,1
yorgo.com.cn,0,0,2
yuhangbxg.com,1,1,1
zbgaishi.cn,0,0,2
yzhsbp.com,0,0,2
ywhuicai.com,0,0,2
zbrytc.com.cn,1,1,1
yyyonglian.com,4,4,1
yyjindu.cn,1,1,1
yzglxy.com,1,1,1
ymbykj.com,0,0,2
zfyzfs.cn,1,1,1
zehuajidian.cn,1,1,1
ytxhwl.com,0,0,3
zbqishang.com,0,0,2
yqgaojing.com,4,4,1
wxqhmy.com,1,1,1
zgyhgg.com,0,0,2
ygyl123.com,0,0,2
zhendeyizu.com,0,0,2
zhentai.sh.cn,1,1,1
xl-gj.com,4,4,2
zhudanhe.com,1,1,2
zj2004.com,1,1,1
zhenggaowj.com,7,7,1
zhf-elec.com,1,1,2
ycyunso.com,0,0,2
yhdf8.com,1,1,1
zj-courser.com,0,0,2
zjfabric.com,0,0,2
zjhualu.com,2,2,1
ywydbz.com,0,0,2
zhgmy.com.cn,1,1,1
zq-kt.com,1,1,1
xthuaxin.com,0,0,2
zjshibo.com,0,0,2
zjxhnf.com,1,1,1
zqgufengji.com,0,0,2
zjjshy.com,1,1,1
yueyuad.com,0,0,2
ywgaosheng.com,0,0,2
zhuoerjx.com,0,0,2
zhonghuihb.cn,1,1,1
zqwhjx.com.cn,1,1,1
zskeyway.com,0,0,3
zy1981.com,1,1,1
zzaotong.com,0,0,2
zx-dg.com,1,1,1
ywtzl.cn,1,1,1
yuyuanr.com,0,0,2
zyltx.cn,2,2,1
zswanbu.com,0,0,2
zzkxyy.com,1,1,1
ztumbrella.com,0,0,2
zjsygx.com,1,1,1
zzs7793018.com,0,0,2
zqxgtz.com,0,0,3
zzqianxi.com,1,1,1
ywjxzb.cn,1,1,1
ywyinxin.cn,1,1,1
zxhbsy.com,0,0,2
zjduowei.com,0,0,2
zgzmfm.com,1,1,1
zkzafh.com,0,0,2
xingjie99.com,0,0,2
xzsilk.com.cn,3,3,1
yzrotork.com,0,0,2
zy-168.com,6,6,1
yhongled.com,2,2,2
ydbrother.com,2,2,1
wolonghk.com,1,1,2
zhyscctv.com,2,2,1
yjnxm.cn,1,1,1
zjjunyao.cn,1,1,1
zkd1.cn,1,1,1
xytq147.com,1,1,1
zqldxa.com,0,0,2
yfgzjn.com,1,1,1
zgys1688.com,2,2,1
ziyunlight.com,1,1,1
zzjxzm.com,1,1,1
zjjiubao.com,1,1,1
zjweizhen.cn,1,1,1
