sr,bd_index,daopai,score,word
2,0,0,无数据,2000i.cn
1,1,1,无数据,123shsd.com
2,0,0,较安全,024yhbaby.com
2,1,1,无数据,4000402887.com
2,1,1,不安全,51sjst.com
2,0,0,较安全,51youxiao.com
1,1,1,无数据,0769-jc.com
2,0,0,无数据,52black.com
3,0,0,无数据,024nb.com
2,0,0,无数据,4007360036.com
1,1,1,无数据,201hy.cn
1,260,10,无数据,52or.com.cn
1,1,1,无数据,315ck.com
1,4,4,无数据,aazzyy520.cn
1,1,1,无数据,abcdef12588.cn
1,1,1,无数据,51zhenli.com
1,1,1,无数据,88sheng.com.cn
1,1,1,无数据,abcda88.com
1,587,10,无数据,ab-alu.cn
2,0,0,无数据,91dalishi.com
2,1,1,无数据,aobohj.com
3,1,1,无数据,aipu-cable.com
1,1,1,无数据,allybo.com
2,0,0,无数据,anbishin.com
1,1,1,无数据,apgy365.cn
2,0,0,无数据,asczm.com
1,1,1,不安全,baoshengjc.com
2,0,0,无数据,aibosj.com
1,1,1,无数据,antonyiwu.com
1,1,1,较安全,bags99.com.cn
2,0,0,较安全,52jkml.com
1,1,1,无数据,asyafeng.com
2,0,0,无数据,ambipiao.cn
1,1,1,无数据,860411xh.com
1,1,1,无数据,bi-gao.com
1,1,1,无数据,bioelitecn.com
2,0,0,无数据,bhwtex.com
1,1,1,不安全,9jsk.com
2,0,0,无数据,biwin-gift.com
1,2,2,无数据,82035806.com
1,1,1,无数据,bj-uw.com
2,0,0,无数据,ainiaosi.com
2,0,0,无数据,bc-foods.com
1,1,1,无数据,bjamir.com
2,0,0,不安全,bjskfnsk.com
1,1,1,无数据,apaclyc.com
2,0,0,无数据,bjjuejin.com
1,1,1,无数据,bochi88.com
2,0,0,较安全,bq710.com
1,5,5,无数据,bjxpjy98.com
2,0,0,不安全,aixingelec.com
1,1,1,无数据,bsm0731.com
2,0,0,较安全,bjstxsd.com
1,2,2,无数据,bohai56.com
1,1,1,无数据,bdsmdcx.cn
1,1,1,无数据,bopptape.cn
2,0,0,无数据,0576-laser.com
1,2,2,无数据,bjsantachi.com
1,2,2,无数据,caihuidiy.com
1,1,1,无数据,bonheur.net.cn
2,0,0,不安全,cclykj.com
2,0,0,无数据,0731joy.com
2,1,1,无数据,086mlyz.com
2,0,0,不安全,cdma1xcn.com
1,1,1,无数据,ccscan.com.cn
1,1,1,无数据,caizhidz.cn
1,1,1,无数据,cameralee.com
2,0,0,较安全,7pincafe.com
1,1,1,无数据,benj99.com
1,1,1,无数据,cfxjzyc.com
1,1,1,无数据,bearing-1.com
1,1,1,不安全,anterhy.com
1,1,1,无数据,cfguangy.com
3,0,0,无数据,cgbxgcl.com
2,0,0,无数据,aomigg.com
1,1,1,无数据,catly.net.cn
1,1,1,无数据,cdchzz.com.cn
2,0,0,无数据,chinajcfj.com
1,1,1,无数据,chaotsian.com
2,1,1,较安全,china-zthb.com
2,0,0,无数据,chinaholta.com
2,0,0,无数据,chinabien.com
2,0,0,无数据,chuanyeled.com
1,1,1,无数据,china-dfb.com
2,0,0,无数据,cn-huaqing.com
2,0,0,无数据,chunhuixl.com
1,2,2,无数据,bishengpx.com
2,0,0,无数据,cnguogang.com
1,1,1,无数据,cnguider.com
1,1,1,无数据,chu-yun.com
2,0,0,无数据,chinacyv.com
2,0,0,无数据,chinawacom.cn
1,1,1,无数据,chinasqhr.com
1,1,1,无数据,bc1178.com
1,1,1,无数据,cnlg82.cn
1,1,1,无数据,cnweinisi.com
2,1,1,不安全,cnhuihai.com
2,0,0,较安全,bjlemei.com
1,1,1,无数据,cn-heat.com
1,1,1,无数据,cnmoonlake.com
1,1,1,无数据,cnkaisi.com
1,1,1,无数据,cnzxhg.com
2,0,0,不安全,cnszcf.com
1,1,1,无数据,cnyxtex.com.cn
2,0,0,较安全,cn-model.com
1,1,1,无数据,bjls56.com
1,2,2,无数据,cnmaiqi.com
2,0,0,无数据,cnwdzy.com
3,0,0,无数据,cm010.com
2,0,0,无数据,chinaairbag.cn
2,0,0,无数据,cnkyi.com
1,760,10,无数据,biyanzhong.cn
1,1,1,无数据,024fengyun.com
1,1,1,无数据,coopoll.com
2,1,1,无数据,cqzdhl.com
1,1,1,无数据,csduli.com
1,13,10,无数据,cnchanjuan.com
1,2,2,不安全,cskujie.com
2,0,0,无数据,cscqmm.com
2,0,0,无数据,bxfoods.com
1,1,1,无数据,52todsy.com
2,0,0,较安全,cslcdz.com
1,1,1,较安全,cs1818.com.cn
1,1,1,不安全,csgadz.com
1,1,1,无数据,cspd168.cn
2,0,0,无数据,cqpqsb.com
2,0,0,无数据,csjiafu.net
2,0,0,无数据,cslhztss.com
1,6,6,无数据,cszhongjia.com
1,20,10,无数据,bfkyjc.com
1,1,1,无数据,czfurong.cn
1,1,1,无数据,czjcqp.com.cn
3,0,0,不安全,csjdsoft.com
2,0,0,不安全,cssaike.com
1,1,1,无数据,cycncorp.com
1,2,2,较安全,cslhkj.com
1,1,1,无数据,daikin100.com
2,0,0,无数据,dbcglw.com
1,19,10,无数据,DABOKing.cn
2,0,0,无数据,dameibicai.com
2,1,1,无数据,dahuaspjx.com
2,0,0,较安全,czjqmm.com
1,1,1,无数据,dadiqiche.com
3,2,2,无数据,czsanjie.com
1,1,1,无数据,dc-adc.com.cn
1,1,1,无数据,cxxsy.net.cn
1,1,1,无数据,cxjfgy.com
1,1,1,无数据,czhhxsy.com.cn
1,1,1,无数据,csmiaopu.com
2,0,0,不安全,dazhongdq.com
1,1,1,无数据,dachengxy.cn
1,1,1,不安全,cnzjxm.com
1,39,10,无数据,caigoo.com.cn
1,1,1,较安全,desheng999.cn
2,0,0,无数据,daweifuse.cn
2,1,1,无数据,cdwxtx.com
1,2,2,不安全,developovc.com
1,1,1,较安全,dezhao.net.cn
1,1,1,无数据,dakecn.com
1,2,2,不安全,bgtlsb.com
1,1,1,较安全,deyangkeji.cn
1,2,2,无数据,dg-kexing.com
3,0,0,较安全,cq-17.com
2,0,0,无数据,dfruichi.com
2,0,0,较安全,chinasova.com
2,0,0,无数据,chn-3d.com
2,0,0,不安全,cct-ty.com
2,0,0,无数据,chminzu.com
1,1,1,较安全,clw1688.com
3,0,0,不安全,cnguoxu.com
1,1,1,无数据,cnfag.cn
2,0,0,无数据,dfjnjt.com
2,0,0,无数据,dgdonf.com
2,0,0,无数据,dfh2008.com
1,1,1,无数据,dgjclp.com
2,0,0,较安全,dgmengmeisi.cn
2,0,0,较安全,dgkssj.com
1,2,2,不安全,bpqonline.com
2,0,0,无数据,dginoue.com
2,0,0,不安全,dgmiyuan.com
2,0,0,无数据,dddopaint.com
3,0,0,不安全,dghmtx.com
1,1,1,无数据,dgwenyuan.com
1,1,1,无数据,dijia-led.com
1,1,1,无数据,cszhlj.com
2,0,0,无数据,dgshidai.com
2,0,0,无数据,cnsycw.cn
1,23,10,无数据,dgxiede.com
1,1,1,无数据,cshwxh.com
3,0,0,无数据,diping88.com
1,2,2,较安全,dgjsgc.com.cn
1,1,1,无数据,csyongjian.com
2,0,0,无数据,cnctyg.com
1,1,1,无数据,cxtmaoyi.com
1,1,1,无数据,csmyjj.com
1,1,1,较安全,csjinh.com
1,1,1,不安全,cxytdq.com
1,1,1,无数据,dltape.com
1,1,1,无数据,dl-wl.com
3,2,2,较安全,dlyezhan.com
2,0,0,无数据,dldongyu.cn
3,0,0,无数据,dlqfs.com.cn
1,1,1,无数据,dlwzmy.com
2,0,0,无数据,bjhtgc.com
1,1,1,无数据,daomeiren.cn
2,0,0,无数据,dlgkn.com.cn
1,1,1,无数据,dlftsp.cn
1,1,1,无数据,dgnengwang.com
2,0,0,无数据,dlsie.com
2,0,0,无数据,dljieyi.com
2,1,1,无数据,dingxingxs.com
1,1,1,无数据,dfzsjpd.com
2,0,0,无数据,dodods.com
1,1,1,无数据,dlzyjx.cn
1,760,10,无数据,dldinghua.cn
2,1,1,无数据,dggodwin.com
1,4,4,无数据,dgnanyue.cn
1,1,1,无数据,dtglmy.cn
2,0,0,无数据,duanzaoqd.com
2,0,0,无数据,dlhqsljx.cn
2,0,0,无数据,dwlchem.com
2,0,0,无数据,dgtanchun.com
2,0,0,无数据,dldfjc.com
2,0,0,无数据,dgtielong.com
1,1,1,无数据,dzlgift.com.cn
2,1,1,无数据,dllcmy.com.cn
1,1,1,无数据,dlgunchiji.com
1,1,1,无数据,elitecyh.cn
1,1,1,无数据,dx-cnc.net
2,1,1,无数据,dlzdjm.cn
2,0,0,无数据,cnyongwang.com
1,1,1,无数据,djqyml.com
3,0,0,无数据,era-oem.com
2,0,0,无数据,eitvs.com
2,0,0,无数据,etunne.com
1,1,1,无数据,dycljx.com
1,1,1,无数据,dl-jewelry.cn
1,2,2,无数据,etuhsu.com
1,1,1,无数据,dglh88.com.cn
2,3,3,无数据,dl-kairui.com
2,0,0,无数据,fawsyx.cn
2,2,2,无数据,fanyico.com
3,1,1,无数据,eeree.net
1,1,1,无数据,erfu-tea.com
1,4,4,无数据,dlhotek.com.cn
1,1,1,无数据,fjrxjy.com
2,0,0,无数据,fasfx.cn
2,0,0,无数据,fshz56.com
2,1,1,无数据,dldetong.cn
1,2,2,无数据,fhjiasi.cn
2,1,1,无数据,ezhsoft.com
1,1,1,无数据,dl-shengyu.com
1,1,1,无数据,dlyindai.com
1,1,1,无数据,fengzechem.com
1,1,1,无数据,foto0769.com
2,1,1,无数据,fxbattery.com
1,1,1,无数据,fxjx365.com
2,0,0,无数据,dlchaofa.com
2,2,2,无数据,ddhskd.com
2,0,0,无数据,fstqgy.com
1,1,1,无数据,gdcmsj.cn
2,0,0,无数据,dmwh2008.com
2,0,0,无数据,gdjunhui.com
2,0,0,无数据,gdnlcc.com
2,1,1,无数据,gdtotem.com
1,1,1,无数据,fanyitrade.com
2,0,0,无数据,gdzhaoke.com
1,2,2,无数据,ginbni.com
2,0,0,无数据,gmgm168.cn
1,1,1,无数据,dlwell.cn
2,3,3,无数据,gdhuangda.com
2,45,10,无数据,goodow.com.cn
2,0,0,无数据,dfxl577.cn
2,0,0,无数据,gjkuaidi.com
1,1,1,无数据,dl-drdi.com.cn
1,1,1,无数据,guohuikeji.com
3,0,0,无数据,cinnowin.com
1,1,1,无数据,gyzyyt.cn
1,1,1,无数据,guoyu88.net
1,1,1,无数据,gz-telecom.com
2,0,0,无数据,gdhaiqi.com
1,1,1,无数据,gyzdj999.cn
2,0,0,无数据,gz-fcx.com
1,1,1,无数据,gj-haina.cn
2,0,0,无数据,gsefu.cn
2,0,0,无数据,gz-huiying.com
1,1,1,无数据,gzddxs.com
2,2,2,无数据,gzjzmyc.com
1,1,1,无数据,gyzht.com.cn
2,0,0,无数据,gzs-led.com
1,1,1,无数据,gzhccl.com
2,0,0,无数据,good-ty.com
1,1,1,无数据,gzhaiyifs.com
1,1,1,无数据,gzyhmj.cn
1,1,1,无数据,gzygwf.com
1,1,1,无数据,gzxianjia.com
2,0,0,无数据,gzrunqi.com.cn
1,1,1,无数据,guojinkeji.com
2,0,0,无数据,gzhurun.com
1,1,1,无数据,gz-xianjian.cn
1,1,1,无数据,gzsongdao.cn
1,1,1,无数据,gzwantong.com
1,1,1,无数据,gzjiaer.com.cn
1,1,1,无数据,dv-trade.com
1,2,2,无数据,gz-leadjet.com
1,1,1,无数据,flosh.com.cn
2,0,0,无数据,handdier.com
1,1,1,无数据,hangzhoubb.com
2,0,0,无数据,fsmeicai.com
2,0,0,无数据,gmhongyu.com
1,1,1,无数据,happy2008.cn
1,2,2,无数据,hanhuayan.cn
1,1,1,无数据,habile-chem.cn
1,1,1,无数据,f14189.cn
1,1,1,无数据,gzyipin.com.cn
2,0,0,无数据,gztcfzfl.cn
2,1,1,无数据,hanlinc.com
2,0,0,无数据,hahblb.com
1,1,1,无数据,dlxyjx.com
1,1,1,无数据,gzxxfrp.com
2,0,0,无数据,hbxcpa.com
2,0,0,无数据,hbxkgd.com
3,0,0,无数据,hbjczq.com
1,1,1,无数据,hctengfei.cn
1,1,1,无数据,hbsfhg.com.cn
2,1,1,无数据,hengwangfl.com
1,1,1,无数据,hensin-hk.com
2,0,0,无数据,hbxfauto.com
2,0,0,无数据,fuxin178.com
1,1,1,无数据,furunhk.com
1,1,1,无数据,hcblsb.cn
2,0,0,无数据,dlgcjd.com
2,0,0,无数据,gzshengjia.com
1,4,4,无数据,fn2003.com
1,9,9,无数据,ec-meizi.com
1,1,1,无数据,hebeisjzdh.cn
2,1,1,无数据,haixiangtai.cn
2,0,0,无数据,gdlpe.com
1,77,10,无数据,fulede.com.cn
2,0,0,无数据,hhxqyp.com
1,2,2,无数据,hiskill.com.cn
1,1,1,无数据,hgjdkj.cn
1,1,1,无数据,hhslzysp.cn
1,1,1,无数据,hk-sun.cn
2,0,0,无数据,gdweichen.com
1,4,4,无数据,heiwangzu.com
1,1,1,无数据,gyjinlong.cn
1,1,1,无数据,hhhtjf.com
1,1,1,无数据,hengtejixie.cn
1,1,1,无数据,hellotex.net
2,0,0,无数据,hklavee.com
3,0,0,无数据,hdsbjp.com
3,0,0,无数据,hnjdgold.com
2,0,0,无数据,hngcled.com
1,2,2,无数据,hngusong.com
2,0,0,无数据,hl-cd.com
2,0,0,无数据,hnguangwei.com
2,0,0,无数据,hhyut.com
1,4,4,无数据,hnroco.com
2,1,1,无数据,hncswdjd.com
1,4,4,无数据,hldkys.com
1,1,1,无数据,hnzanghe.cn
2,0,0,无数据,hnygqy.com
2,1,1,无数据,hpzhangpen.cn
3,1,1,无数据,hsecord.com
2,0,0,无数据,hpsimg.com
1,1,1,无数据,hanwhabj.cn
2,0,0,无数据,hrzgjt.com
1,1,1,无数据,fzsuzuki.com
2,0,0,无数据,hspfpc.com
1,1,1,无数据,hs-chem.com.cn
2,0,0,无数据,hs-opto.com
1,1,1,无数据,haisda.com
1,3,3,无数据,gangguannet.cn
1,2,2,无数据,gzsenren.com
2,0,0,无数据,hnzc888.com
2,0,0,无数据,hrxg518.com
2,0,0,无数据,htpva.com
2,0,0,无数据,hn-gold.com
3,0,0,无数据,hairunchem.com
2,0,0,无数据,hyj-cn.com
1,1,1,无数据,hzfeitian.cn
1,1,1,无数据,huadaxun8.cn
3,0,0,无数据,hunanruyi.com
2,1,1,无数据,htvoip.com
2,0,0,无数据,hubeikyd.com
1,1,1,无数据,hxm-motor.com
2,0,0,无数据,hzgenisi.com
3,0,0,无数据,huachen68.com
2,0,0,无数据,hy304bxg.com
2,1,1,无数据,hezehengda.com
3,0,0,无数据,huanqiujp.com
2,0,0,无数据,hw598.com
2,0,0,无数据,ghdzgs.com
1,1,1,无数据,hzyssj.com.cn
1,1,1,无数据,hzrunhong.com
2,0,0,无数据,huayuanfx.com
1,1,1,无数据,gdtyjx.com.cn
3,0,0,无数据,greenkylin.com
2,0,0,无数据,jasilong.com
1,1,1,无数据,jalixiang.com
1,1,1,无数据,hs-bar.com
2,0,0,无数据,iamyunfeng.com
1,1,1,无数据,hzyoumin.com
2,9,9,无数据,hzxy168.com
2,1,1,无数据,icann-jdzy.com
2,0,0,无数据,hljtdsy.com
2,0,0,无数据,huixinele.com
1,1,1,无数据,hzqianqi.cn
2,0,0,无数据,hnchint168.cn
1,1,1,无数据,hxbiz.com.cn
2,291,10,无数据,htyxjc.com
2,0,0,无数据,jbearing.cn
1,1,1,无数据,hidcar.cn
3,0,0,无数据,hold17.com
2,0,0,无数据,hndsmp.com
1,3,3,无数据,hdc1688.com
2,0,0,无数据,hoto-club.com
3,0,0,无数据,jfyled.com
1,760,10,无数据,huayuie.com
1,1,1,无数据,hyc2c.com
1,1,1,无数据,hanziruiyu.com
1,1,1,无数据,hongshengsl.cn
2,0,0,无数据,hxbzcy.com
2,0,0,无数据,jchengtech.com
1,1,1,无数据,jiesai.net.cn
1,1,1,无数据,jiekejiazu.com
2,1,1,无数据,jiahetool.cn
1,15,10,无数据,jiehueq.com
2,0,0,无数据,jiayin-sw.com
1,1,1,无数据,hylcpsc.cn
2,0,0,无数据,jclsx.com.cn
2,1,1,无数据,jinchengdz.com
1,2,2,无数据,jiyibaobao.com
1,2,2,无数据,jk26.cn
1,2,2,无数据,jinyumenye.cn
1,3,3,无数据,jmyzcl.com
2,0,0,无数据,jiayecn.com
1,74,10,无数据,jnhangqi.com
2,0,0,无数据,jnanst.com
2,0,0,无数据,jifenggt.com
1,1,1,无数据,jinkuang168.cn
1,1,1,无数据,jbdfhanger.com
2,0,0,无数据,jnqtcnc.com
1,1,1,无数据,jllights.com
1,1,1,无数据,hzbema2009.cn
2,0,0,无数据,jmlizhi.com
2,0,0,无数据,jn-yq.com
2,1,1,无数据,jnjywz.com
2,1,1,无数据,jnsyxjs.com
2,0,0,无数据,jntlgm.com
1,1,1,无数据,jsdinggu.com
1,1,1,无数据,jnqinglong.com
1,1,1,无数据,jsjrd.net
1,5,5,无数据,JSD0550.com
2,0,0,无数据,jskaisheng.cn
1,1,1,无数据,hncsyuli.com
1,6,6,无数据,jnyingduji.cn
1,1,1,无数据,jnyyjx.com
1,3,3,无数据,jsphar.com
1,1,1,无数据,jm-rs.com
2,0,0,无数据,jnxwxs.com
1,1,1,无数据,jnjiamu.com.cn
1,1,1,无数据,jntwds.com
2,1,1,无数据,jssunland.com
1,1,1,无数据,jq-wy.com.cn
1,1,1,无数据,jwp147.com
1,1,1,无数据,jun-da.net.cn
2,0,0,无数据,jwysoft.com
2,0,0,无数据,hnxingsha.com
1,1,1,无数据,jnmcjm.com
2,0,0,无数据,jnhuafa.com
1,149,10,无数据,jxhy090902.cn
2,0,0,无数据,jxpakj.com
2,0,0,无数据,jymekj.com
2,0,0,无数据,jyshyp.cn
1,1,1,无数据,jxyygg.com
1,1,1,无数据,jvlongjd.cn
2,0,0,无数据,jyrongxin.com
2,0,0,无数据,jxysgzs.com
1,1,1,无数据,jyylg.com.cn
2,0,0,无数据,jzqsydx.com
1,1,1,无数据,jysl999.com
2,0,0,无数据,jxtuoban.com
2,0,0,无数据,jzkxkj.com
1,1,1,无数据,jxshenheng.com
2,0,0,无数据,jzldchem.com
1,1,1,无数据,jysanhe.net
2,0,0,无数据,kaiaowuliu.com
1,1,1,无数据,jzsjyw.com
1,92,10,无数据,jmcjjx.com
2,0,0,无数据,jnghwz.com
1,6,6,无数据,hysl-dg.com
1,1,1,无数据,jyjiali.cn
1,3,3,无数据,kayocota.cn
1,1,1,无数据,km-skf.com
1,9,9,无数据,keanbus.com
1,1,1,无数据,jfmm888.com
1,4,4,无数据,kinglimn.com
2,0,0,无数据,jinyisidun.cn
2,0,0,无数据,jnakdzdq.com
3,0,0,无数据,jn778.com
2,0,0,无数据,kollion.com
2,0,0,无数据,kuletx.com
1,5,5,无数据,kaizhou-yb.cn
1,1,1,无数据,kmbnly.cn
2,0,0,无数据,jjzy888.com
1,1,1,无数据,kinzis.com
2,0,0,无数据,jnyahe.com
1,1,1,无数据,kibetter.cn
3,0,0,无数据,kx024.com
1,3,3,无数据,lc-keji.com
1,1,1,无数据,kbxy168.cn
2,0,0,无数据,kmzirui.com
1,1,1,无数据,jxrdwl.com
1,6,6,无数据,lcq1997.cn
2,1,1,无数据,jnxasx.com
1,11,10,无数据,lfhxjj.com
3,0,0,无数据,lisashek.cn
1,1,1,无数据,liuyijun618.cn
1,295,10,无数据,jy-jxc.com
1,1,1,无数据,jnsy17.cn
1,1,1,无数据,lingfeng868.cn
2,0,0,无数据,liying88.com
1,1,1,无数据,likalong.cn
1,1,1,无数据,livodk.com.cn
2,2,2,无数据,jpbsbp.com
1,1,1,无数据,lflongqing.com
1,1,1,无数据,lebeifushi.com
1,1,1,无数据,lhxthc.com.cn
2,0,0,无数据,jsunwatch.com
1,1,1,无数据,lcrhgg.cn
1,1,1,无数据,litzozlyp.cn
1,2,2,无数据,lijiayq.cn
1,1,1,无数据,lnchache.com
1,1,1,无数据,liciyx.cn
2,0,0,无数据,liqings.com
1,1,1,无数据,jyxlaser.com
3,0,0,无数据,kl3c.com
1,1,1,无数据,jiayefs.com.cn
1,1,1,无数据,lnzbang.com
1,1,1,无数据,jzhhcmm.com.cn
1,1,1,无数据,ln-it.com
1,2,2,无数据,jx5156.com
3,0,0,无数据,lnmatou.com
2,0,0,无数据,luyhx.com
2,0,0,无数据,lt-sprayer.com
2,0,0,无数据,lyghfkc.com
1,1,1,无数据,lxlube.com
1,6,6,无数据,lxcp-china.com
2,0,0,无数据,lukebz.com
2,1,1,无数据,icxword.com
2,0,0,无数据,lmjrszx.com
1,1,1,无数据,lyinfor.cn
1,2,2,无数据,lytianwang.com
1,2,2,无数据,lybo8.com
1,1,1,无数据,lzfwfq.net.cn
2,0,0,无数据,lnnfcp.com
3,0,0,无数据,lv-zone.com
2,0,0,无数据,lywssp.com
3,0,0,无数据,mallocean.com
2,0,0,无数据,ly-bw.com
1,1,1,无数据,lnperlite.com
1,1,1,无数据,lygopean.com
1,1,1,无数据,kingsuntoys.cn
1,1,1,无数据,lcdbd.cn
1,1,1,无数据,ktyibiao.com
1,1,1,无数据,maybl1688.cn
3,0,0,无数据,jnjykz.com
1,5,5,无数据,mahuadong.com
1,2,2,无数据,jzyhsl.com
1,3,3,无数据,linascarf.com
2,0,0,无数据,khwb1688.com
2,0,0,无数据,minghejd.com
1,5,5,无数据,lanziyu.com
1,1,1,无数据,lig007.com
2,0,0,无数据,lh255.com
1,1,1,无数据,motor-tx.com
1,1,1,无数据,nailisj.com.cn
1,1,1,无数据,Ligersofa.com
1,1,1,无数据,naturetent.net
2,0,0,无数据,lnaks.com
2,0,0,无数据,nbrambo.com
1,6,6,无数据,nanjingfh.com
1,1,1,无数据,nbkefen.com
1,1,1,无数据,nb-xingda.cn
1,1,1,无数据,nbjdxh.com.cn
2,0,0,无数据,lngaoke.com
1,1,1,无数据,nbnewpower.com
2,0,0,无数据,nbxddt.com
3,0,0,无数据,mggongniu.com
2,0,0,无数据,jymeilong.com
3,0,0,无数据,netewei.com
2,760,10,无数据,nbzfsp.cn
1,3,3,无数据,nbtianhui.cn
3,0,0,无数据,njhchb.com
3,0,0,无数据,njhrqx.com.cn
1,1,1,无数据,nmgxyts.com.cn
1,1,1,无数据,nthte.com
2,0,0,无数据,njyunchang.com
1,1,1,无数据,njghzb.com
1,1,1,无数据,nmjtss.com
2,0,0,无数据,nbhtgm88.cn
1,1,1,无数据,mingjundl.com
2,0,0,无数据,njrdzn.com
1,1,1,无数据,jc2000.com.cn
1,1,1,无数据,lidabelt.cn
1,1,1,无数据,obport.com
1,1,1,无数据,otbusiness.net
1,1,1,无数据,lyglqmy.com
2,0,0,无数据,osayz.com
1,1,1,无数据,jinyanzipvc.cn
2,0,0,无数据,opople.com
1,1,1,无数据,pjflcg.com.cn
1,1,1,无数据,nanta888.cn
2,0,0,无数据,nniigift.com
1,1,1,无数据,nbflk.cn
3,0,0,无数据,pharosbit.com
3,0,0,无数据,product-cn.com
2,0,0,无数据,pastemark.com
1,2,2,无数据,pjjingcheng.cn
2,0,0,无数据,lyetech.com
1,4,4,无数据,lylengwan.com
2,0,0,无数据,nylmkj.cn
2,0,0,无数据,nxydtyn.com
3,3,3,无数据,packingba.com
2,0,0,无数据,kaichensh.com
1,1,1,无数据,pybt1963.cn
2,0,0,无数据,qdaagt.cn
3,0,0,无数据,pz024.com
2,0,0,无数据,qdhtnk.com
2,0,0,无数据,kshongrun.com
2,0,0,无数据,qdhtchem.com
1,1,1,无数据,qdczhsm.com.cn
1,1,1,无数据,qdclsm.com.cn
1,1,1,无数据,LN110.net
2,2,2,无数据,qdfumin.cn
2,1,1,无数据,kurtvac.com
1,1,1,无数据,qdhengyuan.cn
1,3,3,无数据,qdmeirifh.cn
1,1,1,无数据,qdicman.cn
1,2,2,无数据,qdllart.cn
2,0,0,无数据,olhvalve.com
2,0,0,无数据,qdchunfa.cn
2,0,0,无数据,jksp68.cn
1,1,1,无数据,qdhswl.com
2,0,0,无数据,meijiedh.com
1,1,1,无数据,qidongjilai.cn
2,0,0,无数据,qdwancheng.com
2,0,0,无数据,qdaomai.cn
1,1,1,无数据,qdhaiyitian.cn
2,0,0,无数据,oyweilan.com
1,3,3,无数据,qiyi18.com
1,1,1,无数据,qdshenxing.cn
1,3,3,无数据,jzyulong.com
1,1,1,无数据,qdhaiban.cn
1,8,8,无数据,miasor.com
1,1,1,无数据,qdqhdz.com.cn
2,0,0,无数据,pharoshome.com
2,0,0,无数据,qdage.com
2,0,0,无数据,qj5000.com
1,1,1,无数据,nghxmz.com.cn
1,1,1,无数据,qjptfe.com.cn
2,0,0,无数据,keangcs.com
2,0,0,无数据,nhhengbo.com
2,1,1,无数据,nbgumei.com
2,0,0,无数据,qdjiuqi.com
2,0,0,无数据,qixin168.com
1,1,1,无数据,mytide168.cn
3,1,1,无数据,oa269.cn
1,2,2,无数据,lnjilong.cn
1,1,1,无数据,oyalsj.com
1,1,1,无数据,nyxcps.com
1,1,1,无数据,qdxsyt.com.cn
1,1,1,无数据,ravalve.net.cn
1,2,2,无数据,rddouti.com
2,0,0,无数据,qdkangnuo.com
1,1,1,无数据,qdqide.com.cn
2,1,1,无数据,qyxfydk.com
1,1,1,无数据,rf-lace.com
2,0,0,无数据,regain88.cn
2,0,0,无数据,richkeji.com
1,1,1,无数据,rongyidz.cn
1,1,1,无数据,rilisujiao.cn
1,3,3,无数据,rogerbrands.cn
2,1,1,无数据,qdrocket.com
2,0,0,无数据,penate.cn
2,0,0,无数据,realfaith.cn
1,1,1,无数据,qdbangle.com
2,2,2,无数据,qdhulu.net.cn
2,0,0,无数据,qianhetyre.com
2,0,0,无数据,reitled.com
2,0,0,无数据,rcmould.com
1,1,1,无数据,qdhtrhy.com.cn
2,0,0,无数据,mikahk.com.cn
1,1,1,无数据,rhcisco.com
1,1,1,无数据,pjxhzy.com
3,0,0,无数据,sansuiit.com
1,2,2,无数据,meiyabz.com
1,1,1,无数据,sanyuanchen.cn
1,1,1,无数据,net2008.net
1,760,10,无数据,sacyh.cn
1,1,1,无数据,ns4slp.com
3,0,0,无数据,sdacer.com
2,1,1,无数据,nbnoa.com
1,1,1,无数据,scmj888.cn
2,0,0,无数据,njshouhao.com
1,1,1,无数据,sdjlpx.com
2,0,0,无数据,sdkyjc.com
2,0,0,无数据,qdxingquan.com
1,1,1,无数据,scsh1188.cn
1,1,1,无数据,sd-cxjzk.com
2,6,6,无数据,sdglkt.cn
2,0,0,无数据,sdyiluxing.com
1,1,1,无数据,sdtmj.net.cn
3,1,1,无数据,sdtopower.com
2,0,0,无数据,sdhlwh.com
2,0,0,无数据,sdjnwq.com
1,1,1,无数据,sdsicc.com
2,0,0,无数据,sdyxqj.com
1,1,1,无数据,no1ht.cn
2,0,0,无数据,san-mark.com
1,1,1,无数据,sdls68.com
1,1,1,无数据,qdrzp.com.cn
2,0,0,无数据,seeplus.net.cn
1,1,1,无数据,sdyjqy.com
1,1,1,无数据,sfdsljx.cn
1,1,1,无数据,sfslhj.cn
3,1,1,无数据,sdgongshui.com
2,0,0,无数据,sgoba.com
2,1,1,无数据,rixintea.com
2,0,0,无数据,shdigong.com
1,1,1,无数据,rlqsszx.com
1,1,1,无数据,njnuochun.cn
1,2,2,无数据,rainunion.com
3,0,0,无数据,rhdz668.com
1,1,1,无数据,shdymy.com.cn
2,1,1,无数据,sdlhdz.com
2,0,0,无数据,shjieqin.com
1,1,1,无数据,shengyu2566.cn
1,1,1,无数据,shbilun.cn
2,0,0,无数据,qd-car.com
1,1,1,无数据,qdhiya.com
1,1,1,无数据,siyacao.com
1,1,1,无数据,siderpet.com
2,0,0,无数据,shunkangcn.com
1,1,1,无数据,shzddoor.com
3,2,2,无数据,picasso.net.cn
3,0,0,无数据,shengsy.com.cn
1,10,10,无数据,singbee.com.cn
2,0,0,无数据,nuobaokeji.com
1,1,1,无数据,shxwyw.cn
2,3,3,无数据,qdqingrui.com
1,1,1,无数据,sddzzc.cn
2,0,0,无数据,sdeope.com
1,1,1,无数据,shjiahui4.cn
2,0,0,无数据,smhaihang.com
2,0,0,无数据,shyinyao.com
1,1,1,无数据,shan-ai.com
1,1,1,无数据,spnmy.cn
2,0,0,无数据,shirzm.com
2,0,0,无数据,singgo.com.cn
2,0,0,无数据,ss-hz.com
2,0,0,无数据,snqpower.com
2,0,0,无数据,ssbjsp.com
1,1,1,无数据,sdlushun.com
2,0,0,无数据,prodn.cn
1,1,1,无数据,ssmcuarm.com
1,1,1,无数据,shuisesky.cn
2,0,0,无数据,qzzszh.com
1,1,1,无数据,rws369.cn
1,1,1,无数据,solartyn.com
1,1,1,无数据,sxronglong.com
2,0,0,无数据,stock898.com
1,1,1,无数据,suxinbxg.com
1,1,1,无数据,sxntgjc.com.cn
1,2,2,无数据,susitaoci.cn
1,1,1,无数据,stmaiye.com.cn
3,0,0,无数据,sunnywale.com
3,0,0,无数据,sycsftx.com
1,1,1,无数据,sxhmfz.com.cn
2,0,0,无数据,sy-hr.com
1,1,1,无数据,sy-mymy.com
2,0,0,无数据,sdznjc.com
2,0,0,无数据,stlutai.com
2,0,0,无数据,sdktdz.com
2,0,0,无数据,sxzqyy.cn
3,1,1,无数据,sdzkcnc.com
2,0,0,无数据,sydbyy.com
2,0,0,无数据,sxgd588.com
1,1,1,无数据,sitonmould.cn
1,1,1,无数据,sybolante.cn
1,2,2,无数据,syhgdl.com
3,1,1,无数据,sfitoys.com
2,0,0,无数据,shbanfang.com
2,0,0,无数据,sx80716897.cn
1,1,1,无数据,syhhygg.com
1,1,1,无数据,sstboard.com
2,0,0,无数据,syklsy.com
1,1,1,无数据,sypakai.com
1,1,1,无数据,sysjmy.cn
1,2,2,无数据,sywjzz.com
1,1,1,无数据,sysldll.cn
2,0,0,无数据,shrixiong.com
2,0,0,无数据,syxtzk.com
1,1,1,无数据,shifangzhou.cn
1,1,1,无数据,sykcsw.com
1,1,1,无数据,skpentax.com
1,14,10,无数据,sichenliye.com
1,1,1,无数据,syxjjx.net
1,1,1,无数据,syxhmzp.com
2,0,0,无数据,szdjhm.com
2,0,0,无数据,sybjzbc.com
2,0,0,无数据,szbofa.cn
2,0,0,无数据,syxinbeier.com
2,2,2,无数据,sz-jcd.com
1,2,2,无数据,sxjjl.net.cn
2,0,0,无数据,syhlxt.com.cn
2,0,0,无数据,smilemami.com
2,0,0,无数据,soap88.com
1,4,4,无数据,szanruijie.com
2,0,0,无数据,shuledom.com
1,1,1,无数据,szgv168.com.cn
2,0,0,无数据,szhfzd.com
1,2,2,无数据,szezcg.com
2,0,0,无数据,szmxwk.cn
2,0,0,无数据,syyugang.com
1,1,1,无数据,syfmtz.com
1,1,1,无数据,szhuikai.com
1,13,10,无数据,szshibang.cn
2,0,0,无数据,syyifa.com
1,1,1,无数据,szsimya.cn
1,1,1,无数据,sunny-vip.com
1,1,1,无数据,sz-pst.com
1,1,1,无数据,szhonge.com
1,1,1,无数据,sz100y.com.cn
2,0,0,无数据,syosl.com
1,5,5,无数据,nmg178.com
1,1,1,无数据,sxjcx.com.cn
1,1,1,无数据,szuze.com
1,1,1,无数据,szxlf.net.cn
2,0,0,无数据,sdgpgs.com
1,1,1,无数据,szxlmjg.cn
1,1,1,无数据,sdsdly.com
1,1,1,无数据,szyong.com.cn
3,0,0,无数据,szyuelong.com
1,2,2,无数据,szsf-cctv.com
1,1,1,无数据,szxuanyue.com
1,1,1,无数据,thald.cn
2,636,10,无数据,thb688.cn
1,1,1,无数据,thgg8888led.cn
1,1,1,无数据,tienbah.net.cn
2,0,0,无数据,tecestone.com
2,0,0,无数据,tiensjy.com
2,0,0,无数据,taishinpvc.com
2,0,0,无数据,szokli.com
1,1,1,无数据,tdsolar.com.cn
1,1,1,无数据,taxxmm.com
3,1,1,无数据,tc0731.com
1,1,1,无数据,tiexian.net.cn
1,1,1,无数据,suncon.net.cn
2,1,1,无数据,syebuy.com
2,1,1,无数据,shwmjd.com
2,0,0,无数据,rongxuanlp.com
2,0,0,无数据,syfydz.com
1,1,1,无数据,tevo-china.com
1,1,1,无数据,tjgsmy.cn
1,27,10,无数据,tjchenfeng.cn
2,0,0,无数据,tjcwqjd.com
1,1,1,无数据,sysjhg888.cn
1,1,1,无数据,symlrldq.cn
1,1,1,无数据,szrsfd.com
1,1,1,无数据,syhzbl.com
2,0,0,无数据,taiguan-sy.com
1,9,9,无数据,sxdlbl.com
1,1,1,无数据,tldoors.cn
1,1,1,无数据,tjkexi.com
2,0,0,无数据,tongyongdq.cn
1,2,2,无数据,sh-yysy.com
1,1,1,无数据,tjsbgt.cn
2,0,0,无数据,tuopanzl.com
2,0,0,无数据,syyrdz.com
2,0,0,无数据,twjmglj767.com
2,0,0,无数据,syf-art.com
2,0,0,无数据,symeige.com
1,1,1,无数据,tonghuacn.com
2,0,0,无数据,syjlhw.com
1,1,1,无数据,ts863.com
1,17,10,无数据,shzhuidian.com
2,0,0,无数据,szlek.net
1,1,1,无数据,tratex.com.cn
1,1,1,无数据,tianyuarts.cn
1,1,1,无数据,toma-soft.com
1,27,10,无数据,tongjuhg.cn
1,1,1,无数据,tzgnmy.com
1,1,1,无数据,tzjysm.com
3,0,0,无数据,upschaoshi.com
1,1,1,无数据,tzyhyyjx.com
1,2,2,无数据,uman-toys.com
2,0,0,无数据,tztc988.com
1,1,1,无数据,szbly2004.cn
1,2,2,无数据,tzhuabo.com
1,1,1,无数据,tyxjzp.com
1,1,1,无数据,ssttyre.com
2,0,0,无数据,wanglan.net.cn
2,0,0,无数据,uffice.net
2,0,0,无数据,tortrend.net
3,0,0,无数据,wbnin.com
1,1,1,无数据,watcher2007.cn
1,1,1,无数据,wangpu123.cn
2,0,0,无数据,tztl168.com
1,1,1,无数据,toncd.cn
2,0,0,无数据,tc-gh.com
2,0,0,无数据,tzfysy.com
1,1,1,无数据,tzfyjc.cn
2,1,1,无数据,syhklcd.com
2,0,0,无数据,szcombo.cn
1,1,1,无数据,szyuce.com
1,1,1,无数据,szrili.cn
1,1,1,无数据,wjhonghua.cn
1,4,4,无数据,whdswy.com
2,0,0,无数据,wine868.com
1,1,1,无数据,tsdfyy.com.cn
1,1,1,无数据,wjz8215197.cn
2,0,0,无数据,whlqzn.com
1,1,1,无数据,szyydkj.cn
1,1,1,无数据,tztnds.com
2,0,0,无数据,tj-lanxing.com
1,1,1,无数据,whsecond.com
1,15,10,无数据,wnslmy.cn
1,1,1,无数据,wxnanyang.com
2,0,0,无数据,weixishop.com
2,0,0,无数据,womamosaic.com
2,0,0,无数据,tytmkj.com
2,0,0,无数据,wuxild.com
1,1,1,无数据,wxhuakai.com
1,1,1,无数据,wnsdq.cn
2,0,0,无数据,wh-hwht.com
1,1,1,无数据,syxlwf.com
2,0,0,无数据,wushibw.com
1,1,1,无数据,wxtebang.cn
1,1,1,无数据,szcxhdz.com.cn
1,1,1,无数据,skyboyi.com
2,25,10,无数据,xdnb.com
1,1,1,无数据,xfpchzs.com
1,1,1,无数据,wyill.com
2,0,0,无数据,szhengli.com
2,0,0,无数据,wxszzc.com
1,1,1,无数据,ww8mm.cn
2,3,3,无数据,wxhanfeng.com
1,1,1,无数据,water-agd.com
2,0,0,无数据,sz-jike.com
2,0,0,无数据,xhlexpo.com
2,0,0,无数据,xiangdz.com
1,1,1,无数据,wcbzcl.com
1,1,1,无数据,vitenr.com
1,1,1,无数据,wzhywjc.cn
1,1,1,无数据,xd-tc.com
1,157,10,无数据,xhgift.com
2,4,4,无数据,szquro.cn
1,1,1,无数据,wlhfjc.cn
2,1,1,无数据,tygywh.com
2,0,0,无数据,wbkf999.com
1,1,1,无数据,wbgongyi.cn
3,0,0,无数据,xinsoll.com
1,3,3,无数据,wts138.com
2,0,0,无数据,xinysh.com
1,1,1,无数据,syxjkj.com
1,1,1,无数据,xmav.com
2,0,0,无数据,xinhuafen.com
1,6,6,无数据,xinyibw.cn
2,0,0,无数据,univans.com
1,1,1,无数据,xjmhpy.com.cn
1,1,1,无数据,xisu0769.com
2,0,0,无数据,xumeilight.com
4,760,10,无数据,xishiji.net
4,1,1,无数据,xidinafei.cn
1,5,5,无数据,xiafei168.cn
1,2,2,无数据,xianlongcd.com
1,1,1,无数据,xdsyhg.com
2,0,0,无数据,xieshengzc.com
2,0,0,无数据,xmqxdz.com
1,8,8,无数据,xtxd-bide.com
2,0,0,无数据,whyssy.com
1,1,1,无数据,ts-power.com
1,1,1,无数据,szhhpj.com
3,0,0,无数据,wm918.com
1,1,1,无数据,wuzwcwg.com
2,0,0,无数据,wxgxhrq.com
1,1,1,无数据,xiyuanwujin.cn
3,0,0,无数据,wxafu.com
1,5,5,无数据,wzziri.cn
2,1,1,无数据,wxycly.net
1,1,1,无数据,schshg.com
1,2,2,无数据,xyshcl.com
1,1,1,无数据,xzqsgycm.com
1,1,1,无数据,xzguangxi.cn
1,1,1,无数据,yatoda.com
1,1,1,无数据,yahenggm.com
1,1,1,无数据,xxkexin.com.cn
2,2,2,无数据,ybksysb.com
2,0,0,无数据,xz18k.com
2,0,0,无数据,whjyfbz.com
1,1,1,无数据,yctj.gov.cn
2,1,1,无数据,yfmagnet.com
2,0,0,无数据,ydbh168.com
1,1,1,无数据,yihesuliao.cn
2,0,0,无数据,yfholder.com
2,0,0,无数据,xiwenfs.com
2,0,0,无数据,yilefz.com
1,1,1,无数据,yichecp.cn
2,0,0,无数据,yingyipc.com
1,1,1,无数据,yfaben.net
2,0,0,无数据,yaosengift.com
1,1,1,无数据,yffz88.com
2,0,0,无数据,yinuojt.com
1,2,2,无数据,ylclothes.com
1,1,1,无数据,ykaijie.cn
2,0,0,无数据,xyfelt.com
1,1,1,无数据,ykbywjc.com
1,1,1,无数据,tonghaidg.com
2,1,1,无数据,xuexws.com
1,1,1,无数据,wzsanxi.cn
2,0,0,无数据,yqbh88.cn
1,1,1,无数据,ylm158.cn
3,0,0,无数据,yjdao168.com
1,1,1,无数据,yaoyuecn.com
1,1,1,无数据,ylyuzhong.cn
1,43,10,无数据,yq1998.com
1,2,2,无数据,whyds.cn
2,0,0,无数据,ykwyfs.com
1,2,2,无数据,yqmsjs.net
2,0,0,无数据,yhguolu.com
2,0,0,无数据,yucgu.com
2,0,0,无数据,yuandawood.com
1,1,1,无数据,yufangjx.cn
1,1,1,无数据,yushiglove.com
2,0,0,无数据,ytyhwater.com
2,0,0,无数据,yingpaike.cn
1,1,1,无数据,yt-youyi.com
2,0,0,无数据,vanway56.com
3,0,0,无数据,yw3131.com
1,1,1,无数据,ywjxszx.cn
2,0,0,无数据,yxwqld.com
1,1,1,无数据,ywhbsl.com.cn
1,1,1,无数据,yxllw.net.cn
2,0,0,无数据,yorgo.com.cn
1,1,1,无数据,yuhangbxg.com
2,0,0,无数据,zbgaishi.cn
2,0,0,无数据,yzhsbp.com
2,0,0,无数据,ywhuicai.com
